id,item_id,test_id,timestamp,value,unit,configuration_version,test_condition,valid
"BATTERY-THERMAL-1","BATTERY-THERMAL","TEST-BATTERY-THERMAL","2026-10-02T14:00:00Z","41","°C","demo-v1","bench-A","true"
"BATTERY-THERMAL-2","BATTERY-THERMAL","TEST-BATTERY-THERMAL","2026-10-02T14:05:00Z","42","°C","demo-v1","bench-A","true"
"BATTERY-THERMAL-3","BATTERY-THERMAL","TEST-BATTERY-THERMAL","2026-10-02T14:10:00Z","43","°C","demo-v1","bench-A","true"
"BATTERY-THERMAL-4","BATTERY-THERMAL","TEST-BATTERY-THERMAL","2026-10-02T14:15:00Z","44","°C","demo-v1","bench-A","true"
"BATTERY-THERMAL-5","BATTERY-THERMAL","TEST-BATTERY-THERMAL","2026-10-02T14:20:00Z","45","°C","demo-v1","bench-A","true"
"BATTERY-THERMAL-6","BATTERY-THERMAL","TEST-BATTERY-THERMAL","2026-10-02T14:25:00Z","46","°C","demo-v1","bench-A","true"
"BATTERY-THERMAL-7","BATTERY-THERMAL","TEST-BATTERY-THERMAL","2026-10-02T14:30:00Z","47","°C","demo-v1","bench-A","true"
"BATTERY-THERMAL-0","BATTERY-THERMAL","TEST-BATTERY-THERMAL","2026-10-02T13:55:00Z","41","°C","demo-v1","bench-A","true"
"MOTOR-VIBRATION-1","MOTOR-VIBRATION","TEST-MOTOR-VIBRATION","2026-10-02T14:00:00Z","3.2","mm/s","demo-v1","bench-A","true"
"MOTOR-VIBRATION-2","MOTOR-VIBRATION","TEST-MOTOR-VIBRATION","2026-10-02T14:05:00Z","3.3","mm/s","demo-v1","bench-A","true"
"MOTOR-VIBRATION-3","MOTOR-VIBRATION","TEST-MOTOR-VIBRATION","2026-10-02T14:10:00Z","3.4","mm/s","demo-v1","bench-A","true"
"MOTOR-VIBRATION-4","MOTOR-VIBRATION","TEST-MOTOR-VIBRATION","2026-10-02T14:15:00Z","3.5","mm/s","demo-v1","bench-A","true"
"MOTOR-VIBRATION-5","MOTOR-VIBRATION","TEST-MOTOR-VIBRATION","2026-10-02T14:20:00Z","3.6","mm/s","demo-v1","bench-A","true"
"MOTOR-VIBRATION-6","MOTOR-VIBRATION","TEST-MOTOR-VIBRATION","2026-10-02T14:25:00Z","3.7","mm/s","demo-v1","bench-A","true"
"MOTOR-VIBRATION-7","MOTOR-VIBRATION","TEST-MOTOR-VIBRATION","2026-10-02T14:30:00Z","3.8","mm/s","demo-v1","bench-A","true"
"MOTOR-VIBRATION-0","MOTOR-VIBRATION","TEST-MOTOR-VIBRATION","2026-10-02T13:55:00Z","3.2","mm/s","demo-v1","bench-A","true"
"CHUTE-DEPLOY-TIME-1","CHUTE-DEPLOY-TIME","TEST-CHUTE-DEPLOY-TIME","2026-10-02T14:00:00Z","2.8","s","demo-v1","bench-A","true"
"CHUTE-DEPLOY-TIME-2","CHUTE-DEPLOY-TIME","TEST-CHUTE-DEPLOY-TIME","2026-10-02T14:05:00Z","2.7","s","demo-v1","bench-A","true"
"CHUTE-DEPLOY-TIME-3","CHUTE-DEPLOY-TIME","TEST-CHUTE-DEPLOY-TIME","2026-10-02T14:10:00Z","2.6","s","demo-v1","bench-A","true"
"CHUTE-DEPLOY-TIME-4","CHUTE-DEPLOY-TIME","TEST-CHUTE-DEPLOY-TIME","2026-10-02T14:15:00Z","2.5","s","demo-v1","bench-A","true"
"CHUTE-DEPLOY-TIME-5","CHUTE-DEPLOY-TIME","TEST-CHUTE-DEPLOY-TIME","2026-10-02T14:20:00Z","2.4","s","demo-v1","bench-A","true"
"CHUTE-DEPLOY-TIME-6","CHUTE-DEPLOY-TIME","TEST-CHUTE-DEPLOY-TIME","2026-10-02T14:25:00Z","2.2","s","demo-v1","bench-A","true"
"CHUTE-DEPLOY-TIME-7","CHUTE-DEPLOY-TIME","TEST-CHUTE-DEPLOY-TIME","2026-10-02T14:30:00Z","2.1","s","demo-v1","bench-A","true"
"CHUTE-DEPLOY-TIME-0","CHUTE-DEPLOY-TIME","TEST-CHUTE-DEPLOY-TIME","2026-10-02T13:55:00Z","2.8","s","demo-v1","bench-A","true"
"SURFACE-WIND-1","SURFACE-WIND","TEST-SURFACE-WIND","2026-10-02T14:00:00Z","11","m/s","demo-v1","bench-A","true"
"SURFACE-WIND-2","SURFACE-WIND","TEST-SURFACE-WIND","2026-10-02T14:05:00Z","10.8","m/s","demo-v1","bench-A","true"
"SURFACE-WIND-3","SURFACE-WIND","TEST-SURFACE-WIND","2026-10-02T14:10:00Z","10.5","m/s","demo-v1","bench-A","true"
"SURFACE-WIND-4","SURFACE-WIND","TEST-SURFACE-WIND","2026-10-02T14:15:00Z","10","m/s","demo-v1","bench-A","true"
"SURFACE-WIND-5","SURFACE-WIND","TEST-SURFACE-WIND","2026-10-02T14:20:00Z","9.8","m/s","demo-v1","bench-A","true"
"SURFACE-WIND-6","SURFACE-WIND","TEST-SURFACE-WIND","2026-10-02T14:25:00Z","9.3","m/s","demo-v1","bench-A","true"
"SURFACE-WIND-7","SURFACE-WIND","TEST-SURFACE-WIND","2026-10-02T14:30:00Z","9","m/s","demo-v1","bench-A","true"
"SENSOR-DROPOUT-1","SENSOR-DROPOUT","TEST-SENSOR-DROPOUT","2026-10-02T14:30:00Z","1","events","demo-v1","bench-A","true"
"AMBIENT-TEMP-0","AMBIENT-TEMP","TEST-AMBIENT-TEMP","2026-10-02T14:00:00Z","25","°C","demo-v1","bench-A","true"
"AMBIENT-TEMP-1","AMBIENT-TEMP","TEST-AMBIENT-TEMP","2026-10-02T14:05:00Z","25","°C","demo-v1","bench-A","true"
"AMBIENT-TEMP-2","AMBIENT-TEMP","TEST-AMBIENT-TEMP","2026-10-02T14:10:00Z","25.1","°C","demo-v1","bench-A","true"
"AMBIENT-TEMP-3","AMBIENT-TEMP","TEST-AMBIENT-TEMP","2026-10-02T14:15:00Z","25.1","°C","demo-v1","bench-A","true"
"AMBIENT-TEMP-4","AMBIENT-TEMP","TEST-AMBIENT-TEMP","2026-10-02T14:20:00Z","25","°C","demo-v1","bench-A","true"
"AMBIENT-TEMP-5","AMBIENT-TEMP","TEST-AMBIENT-TEMP","2026-10-02T14:25:00Z","25","°C","demo-v1","bench-A","true"
"AMBIENT-TEMP-6","AMBIENT-TEMP","TEST-AMBIENT-TEMP","2026-10-02T14:30:00Z","25","°C","demo-v1","bench-A","true"
"AVIONICS-EVENT-COUNT-0","AVIONICS-EVENT-COUNT","TEST-AVIONICS-EVENT-COUNT","2026-10-02T14:00:00Z","12","events","demo-v1","bench-A","true"
"AVIONICS-EVENT-COUNT-1","AVIONICS-EVENT-COUNT","TEST-AVIONICS-EVENT-COUNT","2026-10-02T14:05:00Z","12","events","demo-v1","bench-A","true"
"AVIONICS-EVENT-COUNT-2","AVIONICS-EVENT-COUNT","TEST-AVIONICS-EVENT-COUNT","2026-10-02T14:10:00Z","12","events","demo-v1","bench-A","true"
"AVIONICS-EVENT-COUNT-3","AVIONICS-EVENT-COUNT","TEST-AVIONICS-EVENT-COUNT","2026-10-02T14:15:00Z","12","events","demo-v1","bench-A","true"
"AVIONICS-EVENT-COUNT-4","AVIONICS-EVENT-COUNT","TEST-AVIONICS-EVENT-COUNT","2026-10-02T14:20:00Z","12","events","demo-v1","bench-A","true"
"AVIONICS-EVENT-COUNT-5","AVIONICS-EVENT-COUNT","TEST-AVIONICS-EVENT-COUNT","2026-10-02T14:25:00Z","12","events","demo-v1","bench-A","true"
"AVIONICS-EVENT-COUNT-6","AVIONICS-EVENT-COUNT","TEST-AVIONICS-EVENT-COUNT","2026-10-02T14:30:00Z","12","events","demo-v1","bench-A","true"
"RECOVERY-TEST-DURATION-0","RECOVERY-TEST-DURATION","TEST-RECOVERY-TEST-DURATION","2026-10-02T14:00:00Z","9","s","demo-v1","bench-A","true"
"RECOVERY-TEST-DURATION-1","RECOVERY-TEST-DURATION","TEST-RECOVERY-TEST-DURATION","2026-10-02T14:05:00Z","9","s","demo-v1","bench-A","true"
"RECOVERY-TEST-DURATION-2","RECOVERY-TEST-DURATION","TEST-RECOVERY-TEST-DURATION","2026-10-02T14:10:00Z","9","s","demo-v1","bench-A","true"
"RECOVERY-TEST-DURATION-3","RECOVERY-TEST-DURATION","TEST-RECOVERY-TEST-DURATION","2026-10-02T14:15:00Z","9","s","demo-v1","bench-A","true"
"RECOVERY-TEST-DURATION-4","RECOVERY-TEST-DURATION","TEST-RECOVERY-TEST-DURATION","2026-10-02T14:20:00Z","9","s","demo-v1","bench-A","true"
"RECOVERY-TEST-DURATION-5","RECOVERY-TEST-DURATION","TEST-RECOVERY-TEST-DURATION","2026-10-02T14:25:00Z","9","s","demo-v1","bench-A","true"
"RECOVERY-TEST-DURATION-6","RECOVERY-TEST-DURATION","TEST-RECOVERY-TEST-DURATION","2026-10-02T14:30:00Z","9","s","demo-v1","bench-A","true"
"WIND-GUST-0","WIND-GUST","TEST-WIND-GUST","2026-10-02T14:00:00Z","10","m/s","demo-v1","bench-A","true"
"WIND-GUST-1","WIND-GUST","TEST-WIND-GUST","2026-10-02T14:05:00Z","10.1","m/s","demo-v1","bench-A","true"
"WIND-GUST-2","WIND-GUST","TEST-WIND-GUST","2026-10-02T14:10:00Z","10","m/s","demo-v1","bench-A","true"
"WIND-GUST-3","WIND-GUST","TEST-WIND-GUST","2026-10-02T14:15:00Z","10","m/s","demo-v1","bench-A","true"
"WIND-GUST-4","WIND-GUST","TEST-WIND-GUST","2026-10-02T14:20:00Z","10.2","m/s","demo-v1","bench-A","true"
"WIND-GUST-5","WIND-GUST","TEST-WIND-GUST","2026-10-02T14:25:00Z","10","m/s","demo-v1","bench-A","true"
"WIND-GUST-6","WIND-GUST","TEST-WIND-GUST","2026-10-02T14:30:00Z","10","m/s","demo-v1","bench-A","true"
